GENE_SYMBOL	COSMIC_GENE_ID	TRANSCRIPT_ACCESSION	COSMIC_SAMPLE_ID	SAMPLE_NAME	COSMIC_PHENOTYPE_ID	GENOMIC_MUTATION_ID	LEGACY_MUTATION_ID	MUTATION_ID	MUTATION_CDS	MUTATION_AA	MUTATION_DESCRIPTION	MUTATION_ZYGOSITY	LOH	GENOME_VERSION	CHROMOSOME	GENOME_START	GENOME_STOP	STRAND	PUBMED_PMID	COSMIC_STUDY_ID	HGVSP	HGVSC	HGVSG	GENOMIC_WT_ALLELE	GENOMIC_MUT_ALLELE	MUTATION_SOMATIC_STATUS
BRCA2	COSG68498	ENST00000380152.7	COSS1284069	PD3945a	COSO28395278	COSV66458172	COSM3355873	123715560	c.2293A>C	p.N765H	missense_variant	None	None	38	13	32336648	32336648	+	None	COSU385	ENSP00000369497.3:p.Asn765His	ENST00000380152.7:c.2293A>C	13:g.32336648A>C	A	C	Confirmed somatic variant
BRCA2	COSG68498	ENST00000380152.7	COSS1284069	PD3945a	COSO28395278	COSV66458172	COSM3355873	123715560	c.2293A>C	p.N765H	missense_variant	None	None	38	13	32336648	32336648	+	None	COSU652	ENSP00000369497.3:p.Asn765His	ENST00000380152.7:c.2293A>C	13:g.32336648A>C	A	C	Confirmed somatic variant
BRCA2	COSG68498	ENST00000544455.5	COSS1284069	PD3945a	COSO28395278	COSV66458172	COSM3355873	164991319	c.2293A>C	p.N765H	missense_variant	None	None	38	13	32336648	32336648	+	None	COSU385	ENSP00000439902.1:p.Asn765His	ENST00000544455.5:c.2293A>C	13:g.32336648A>C	A	C	Confirmed somatic variant
BRCA2	COSG68498	ENST00000544455.5	COSS1284069	PD3945a	COSO28395278	COSV66458172	COSM3355873	164991319	c.2293A>C	p.N765H	missense_variant	None	None	38	13	32336648	32336648	+	None	COSU652	ENSP00000439902.1:p.Asn765His	ENST00000544455.5:c.2293A>C	13:g.32336648A>C	A	C	Confirmed somatic variant
BRCA2	COSG68498	ENST00000380152.7	COSS1613700	PD9000a	COSO28395278	COSV66455033	COSM5752465	123721258	c.7211_7212del	p.K2404Sfs*7	frameshift_variant	None	None	38	13	32355064	32355065	+	None	COSU652	ENSP00000369497.3:p.Lys2404SerfsTer7	ENST00000380152.7:c.7211_7212del	13:g.32355064_32355065del	AA	None	Confirmed somatic variant
BRCA2	COSG68498	ENST00000380152.7	COSS1284073	PD4006a	COSO28395278	COSV66448942	COSN21276824	123700347	c.1910-1094C>A	p.?	intron_variant	None	None	38	13	32335171	32335171	+	None	COSU385	None	ENST00000380152.7:c.1910-1094C>A	13:g.32335171C>A	C	A	Confirmed somatic variant
BRCA2	COSG68498	ENST00000380152.7	COSS1284073	PD4006a	COSO28395278	COSV66448942	COSN21276824	123700347	c.1910-1094C>A	p.?	intron_variant	None	None	38	13	32335171	32335171	+	None	COSU652	None	ENST00000380152.7:c.1910-1094C>A	13:g.32335171C>A	C	A	Confirmed somatic variant
BRCA2	COSG68498	ENST00000544455.5	COSS1284073	PD4006a	COSO28395278	COSV66448942	COSN21276824	164971378	c.1910-1094C>A	p.?	intron_variant	None	None	38	13	32335171	32335171	+	None	COSU385	None	ENST00000544455.5:c.1910-1094C>A	13:g.32335171C>A	C	A	Confirmed somatic variant
BRCA2	COSG68498	ENST00000544455.5	COSS1284073	PD4006a	COSO28395278	COSV66448942	COSN21276824	164971378	c.1910-1094C>A	p.?	intron_variant	None	None	38	13	32335171	32335171	+	None	COSU652	None	ENST00000544455.5:c.1910-1094C>A	13:g.32335171C>A	C	A	Confirmed somatic variant
BRCA2	COSG68498	ENST00000380152.7	COSS1304505	PD4082a	COSO28394862	COSV66462745	COSM159410	123717722	c.8510G>T	p.G2837V	missense_variant	None	None	38	13	32370978	32370978	+	22722201	COSU385	ENSP00000369497.3:p.Gly2837Val	ENST00000380152.7:c.8510G>T	13:g.32370978G>T	G	T	Confirmed somatic variant
BRCA2	COSG68498	ENST00000544455.5	COSS1304505	PD4082a	COSO28394862	COSV66462745	COSM159410	164993747	c.8510G>T	p.G2837V	missense_variant	None	None	38	13	32370978	32370978	+	22722201	COSU385	ENSP00000439902.1:p.Gly2837Val	ENST00000544455.5:c.8510G>T	13:g.32370978G>T	G	T	Confirmed somatic variant
BRCA2	COSG68498	ENST00000380152.7	COSS1304519	PD4088a	COSO28395278	COSV66456229	COSN4705746	123721735	c.67+897G>T	p.?	intron_variant	None	None	38	13	32317424	32317424	+	None	COSU385	None	ENST00000380152.7:c.67+897G>T	13:g.32317424G>T	G	T	Confirmed somatic variant
BRCA2	COSG68498	ENST00000380152.7	COSS1304519	PD4088a	COSO28395278	COSV66456229	COSN4705746	123721735	c.67+897G>T	p.?	intron_variant	None	None	38	13	32317424	32317424	+	None	COSU652	None	ENST00000380152.7:c.67+897G>T	13:g.32317424G>T	G	T	Confirmed somatic variant
BRCA2	COSG68498	ENST00000544455.5	COSS1304519	PD4088a	COSO28395278	COSV66456229	COSN4705746	164997996	c.67+897G>T	p.?	intron_variant	None	None	38	13	32317424	32317424	+	None	COSU385	None	ENST00000544455.5:c.67+897G>T	13:g.32317424G>T	G	T	Confirmed somatic variant
BRCA2	COSG68498	ENST00000544455.5	COSS1304519	PD4088a	COSO28395278	COSV66456229	COSN4705746	164997996	c.67+897G>T	p.?	intron_variant	None	None	38	13	32317424	32317424	+	None	COSU652	None	ENST00000544455.5:c.67+897G>T	13:g.32317424G>T	G	T	Confirmed somatic variant
BRCA2	COSG68498	ENST00000380152.7	COSS1331094	PD4132a	COSO28394862	COSV66338076	COSM159408	123702125	c.9997C>G	p.L3333V	missense_variant	None	None	38	13	32398510	32398510	+	22722201	COSU385	ENSP00000369497.3:p.Leu3333Val	ENST00000380152.7:c.9997C>G	13:g.32398510C>G	C	G	Confirmed somatic variant
BRCA2	COSG68498	ENST00000544455.5	COSS1331094	PD4132a	COSO28394862	COSV66338076	COSM159408	164973793	c.9997C>G	p.L3333V	missense_variant	None	None	38	13	32398510	32398510	+	22722201	COSU385	ENSP00000439902.1:p.Leu3333Val	ENST00000544455.5:c.9997C>G	13:g.32398510C>G	C	G	Confirmed somatic variant
BRCA2	COSG68498	ENST00000380152.7	COSS1356528	PD4604a	COSO28395288	COSV66458185	COSN21895637	123710418	c.9256+5399T>G	p.?	intron_variant	None	None	38	13	32385544	32385544	+	None	COSU652	None	ENST00000380152.7:c.9256+5399T>G	13:g.32385544T>G	T	G	Confirmed somatic variant
BRCA2	COSG68498	ENST00000544455.5	COSS1356528	PD4604a	COSO28395288	COSV66458185	COSN21895637	164984941	c.9256+5399T>G	p.?	intron_variant	None	None	38	13	32385544	32385544	+	None	COSU652	None	ENST00000544455.5:c.9256+5399T>G	13:g.32385544T>G	T	G	Confirmed somatic variant
BRCA2	COSG68498	ENST00000380152.7	COSS1356555	PD4613a	COSO28395278	COSV66462058	COSN20662087	123736555	c.67+1004G>C	p.?	intron_variant	None	None	38	13	32317531	32317531	+	None	COSU652	None	ENST00000380152.7:c.67+1004G>C	13:g.32317531G>C	G	C	Confirmed somatic variant
BRCA2	COSG68498	ENST00000544455.5	COSS1356555	PD4613a	COSO28395278	COSV66462058	COSN20662087	165013429	c.67+1004G>C	p.?	intron_variant	None	None	38	13	32317531	32317531	+	None	COSU652	None	ENST00000544455.5:c.67+1004G>C	13:g.32317531G>C	G	C	Confirmed somatic variant
BRCA2	COSG68498	ENST00000380152.7	COSS1463700	PD4981a	COSO28395278	COSV66449951	COSN21310203	123721210	c.316+1543T>A	p.?	intron_variant	None	None	38	13	32320868	32320868	+	None	COSU652	None	ENST00000380152.7:c.316+1543T>A	13:g.32320868T>A	T	A	Confirmed somatic variant
BRCA2	COSG68498	ENST00000544455.5	COSS1463700	PD4981a	COSO28395278	COSV66449951	COSN21310203	164996365	c.316+1543T>A	p.?	intron_variant	None	None	38	13	32320868	32320868	+	None	COSU652	None	ENST00000544455.5:c.316+1543T>A	13:g.32320868T>A	T	A	Confirmed somatic variant
BRCA2	COSG68498	ENST00000380152.7	COSS1474023	PD5930a	COSO28395278	COSV66457288	COSN21740935	123718964	c.7007+3958G>C	p.?	intron_variant	None	None	38	13	32350854	32350854	+	None	COSU652	None	ENST00000380152.7:c.7007+3958G>C	13:g.32350854G>C	G	C	Confirmed somatic variant
BRCA2	COSG68498	ENST00000544455.5	COSS1474023	PD5930a	COSO28395278	COSV66457288	COSN21740935	164994317	c.7007+3958G>C	p.?	intron_variant	None	None	38	13	32350854	32350854	+	None	COSU652	None	ENST00000544455.5:c.7007+3958G>C	13:g.32350854G>C	G	C	Confirmed somatic variant
BRCA2	COSG68498	ENST00000380152.7	COSS1474029	PD5932a	COSO28395278	COSV66463562	COSN21315502	123701402	c.9501+572G>A	p.?	intron_variant	None	None	38	13	32395505	32395505	+	None	COSU652	None	ENST00000380152.7:c.9501+572G>A	13:g.32395505G>A	G	A	Confirmed somatic variant
BRCA2	COSG68498	ENST00000544455.5	COSS1474029	PD5932a	COSO28395278	COSV66463562	COSN21315502	164973321	c.9501+572G>A	p.?	intron_variant	None	None	38	13	32395505	32395505	+	None	COSU652	None	ENST00000544455.5:c.9501+572G>A	13:g.32395505G>A	G	A	Confirmed somatic variant
BRCA2	COSG68498	ENST00000380152.7	COSS1474086	PD5951a	COSO28395278	COSV66448360	COSN22154001	123722839	c.7805+1887G>A	p.?	intron_variant	None	None	38	13	32359816	32359816	+	None	COSU652	None	ENST00000380152.7:c.7805+1887G>A	13:g.32359816G>A	G	A	Confirmed somatic variant
BRCA2	COSG68498	ENST00000544455.5	COSS1474086	PD5951a	COSO28395278	COSV66448360	COSN22154001	164999186	c.7805+1887G>A	p.?	intron_variant	None	None	38	13	32359816	32359816	+	None	COSU652	None	ENST00000544455.5:c.7805+1887G>A	13:g.32359816G>A	G	A	Confirmed somatic variant
BRCA2	COSG68498	ENST00000380152.7	COSS1480188	PD6042a	COSO28395278	COSV66462757	COSM5752680	123727692	c.6082G>T	p.E2028*	stop_gained	None	None	38	13	32340437	32340437	+	27135926	None	ENSP00000369497.3:p.Glu2028Ter	ENST00000380152.7:c.6082G>T	13:g.32340437G>T	G	T	Confirmed somatic variant
BRCA2	COSG68498	ENST00000380152.7	COSS1480188	PD6042a	COSO28395278	COSV66462757	COSM5752680	123727692	c.6082G>T	p.E2028*	stop_gained	None	None	38	13	32340437	32340437	+	None	COSU652	ENSP00000369497.3:p.Glu2028Ter	ENST00000380152.7:c.6082G>T	13:g.32340437G>T	G	T	Confirmed somatic variant
BRCA2	COSG68498	ENST00000544455.5	COSS1480188	PD6042a	COSO28395278	COSV66462757	COSM5752680	165002800	c.6082G>T	p.E2028*	stop_gained	None	None	38	13	32340437	32340437	+	27135926	None	ENSP00000439902.1:p.Glu2028Ter	ENST00000544455.5:c.6082G>T	13:g.32340437G>T	G	T	Confirmed somatic variant
BRCA2	COSG68498	ENST00000544455.5	COSS1480188	PD6042a	COSO28395278	COSV66462757	COSM5752680	165002800	c.6082G>T	p.E2028*	stop_gained	None	None	38	13	32340437	32340437	+	None	COSU652	ENSP00000439902.1:p.Glu2028Ter	ENST00000544455.5:c.6082G>T	13:g.32340437G>T	G	T	Confirmed somatic variant
BRCA2	COSG68498	ENST00000380152.7	COSS1480198	PD6047a	COSO28395278	COSV66452458	COSN21968123	123734687	c.67+769A>C	p.?	intron_variant	None	None	38	13	32317296	32317296	+	None	COSU652	None	ENST00000380152.7:c.67+769A>C	13:g.32317296A>C	A	C	Confirmed somatic variant
BRCA2	COSG68498	ENST00000544455.5	COSS1480198	PD6047a	COSO28395278	COSV66452458	COSN21968123	165011088	c.67+769A>C	p.?	intron_variant	None	None	38	13	32317296	32317296	+	None	COSU652	None	ENST00000544455.5:c.67+769A>C	13:g.32317296A>C	A	C	Confirmed somatic variant
BRCA2	COSG68498	ENST00000380152.7	COSS1610368	PD8978a	COSO28395278	COSV66462455	COSM5752453	123739450	c.8278_8290del	p.G2760Pfs*13	frameshift_variant	None	None	38	13	32363480	32363492	+	27135926	None	ENSP00000369497.3:p.Gly2760ProfsTer13	ENST00000380152.7:c.8278_8290del	13:g.32363480_32363492del	GGCTCTCCTGATG	None	Confirmed somatic variant
BRCA2	COSG68498	ENST00000380152.7	COSS1610368	PD8978a	COSO28395278	COSV66462455	COSM5752453	123739450	c.8278_8290del	p.G2760Pfs*13	frameshift_variant	None	None	38	13	32363480	32363492	+	None	COSU652	ENSP00000369497.3:p.Gly2760ProfsTer13	ENST00000380152.7:c.8278_8290del	13:g.32363480_32363492del	GGCTCTCCTGATG	None	Confirmed somatic variant
BRCA2	COSG68498	ENST00000544455.5	COSS1610368	PD8978a	COSO28395278	COSV66462455	COSM5752453	165017089	c.8278_8290del	p.G2760Pfs*13	frameshift_variant	None	None	38	13	32363480	32363492	+	27135926	None	ENSP00000439902.1:p.Gly2760ProfsTer13	ENST00000544455.5:c.8278_8290del	13:g.32363480_32363492del	GGCTCTCCTGATG	None	Confirmed somatic variant
BRCA2	COSG68498	ENST00000544455.5	COSS1610368	PD8978a	COSO28395278	COSV66462455	COSM5752453	165017089	c.8278_8290del	p.G2760Pfs*13	frameshift_variant	None	None	38	13	32363480	32363492	+	None	COSU652	ENSP00000439902.1:p.Gly2760ProfsTer13	ENST00000544455.5:c.8278_8290del	13:g.32363480_32363492del	GGCTCTCCTGATG	None	Confirmed somatic variant
BRCA2	COSG68498	ENST00000380152.7	COSS1610368	PD8978a	COSO28395278	COSV66462468	COSN22673655	123739455	c.8632+2478T>A	p.?	intron_variant	None	None	38	13	32373578	32373578	+	None	COSU652	None	ENST00000380152.7:c.8632+2478T>A	13:g.32373578T>A	T	A	Confirmed somatic variant
BRCA2	COSG68498	ENST00000544455.5	COSS1610368	PD8978a	COSO28395278	COSV66462468	COSN22673655	165017103	c.8632+2478T>A	p.?	intron_variant	None	None	38	13	32373578	32373578	+	None	COSU652	None	ENST00000544455.5:c.8632+2478T>A	13:g.32373578T>A	T	A	Confirmed somatic variant
BRCA2	COSG68498	ENST00000380152.7	COSS1610386	PD8984a	COSO28395278	COSV66447774	COSM2071555	123701367	c.9097dup	p.T3033Nfs*11	frameshift_variant	None	None	38	13	32379893	32379894	+	27135926	None	ENSP00000369497.3:p.Thr3033AsnfsTer11	ENST00000380152.7:c.9097dup	13:g.32379893dup	None	A	Confirmed somatic variant
BRCA2	COSG68498	ENST00000380152.7	COSS1610386	PD8984a	COSO28395278	COSV66447774	COSM2071555	123701367	c.9097dup	p.T3033Nfs*11	frameshift_variant	None	None	38	13	32379893	32379894	+	None	COSU652	ENSP00000369497.3:p.Thr3033AsnfsTer11	ENST00000380152.7:c.9097dup	13:g.32379893dup	None	A	Confirmed somatic variant
BRCA2	COSG68498	ENST00000544455.5	COSS1610386	PD8984a	COSO28395278	COSV66447774	COSM2071555	164973260	c.9097dup	p.T3033Nfs*11	frameshift_variant	None	None	38	13	32379893	32379894	+	27135926	None	ENSP00000439902.1:p.Thr3033AsnfsTer11	ENST00000544455.5:c.9097dup	13:g.32379893dup	None	A	Confirmed somatic variant
BRCA2	COSG68498	ENST00000544455.5	COSS1610386	PD8984a	COSO28395278	COSV66447774	COSM2071555	164973260	c.9097dup	p.T3033Nfs*11	frameshift_variant	None	None	38	13	32379893	32379894	+	None	COSU652	ENSP00000439902.1:p.Thr3033AsnfsTer11	ENST00000544455.5:c.9097dup	13:g.32379893dup	None	A	Confirmed somatic variant
BRCA2	COSG68498	ENST00000380152.7	COSS1613700	PD9000a	COSO28395278	COSV66455033	COSM5752465	123721258	c.7211_7212del	p.K2404Sfs*7	frameshift_variant	None	None	38	13	32355064	32355065	+	27135926	None	ENSP00000369497.3:p.Lys2404SerfsTer7	ENST00000380152.7:c.7211_7212del	13:g.32355064_32355065del	AA	None	Confirmed somatic variant
BRCA2	COSG68498	ENST00000544455.5	COSS1613700	PD9000a	COSO28395278	COSV66455033	COSM5752465	164996427	c.7211_7212del	p.K2404Sfs*7	frameshift_variant	None	None	38	13	32355064	32355065	+	27135926	None	ENSP00000439902.1:p.Lys2404SerfsTer7	ENST00000544455.5:c.7211_7212del	13:g.32355064_32355065del	AA	None	Confirmed somatic variant
BRCA2	COSG68498	ENST00000544455.5	COSS1613700	PD9000a	COSO28395278	COSV66455033	COSM5752465	164996427	c.7211_7212del	p.K2404Sfs*7	frameshift_variant	None	None	38	13	32355064	32355065	+	None	COSU652	ENSP00000439902.1:p.Lys2404SerfsTer7	ENST00000544455.5:c.7211_7212del	13:g.32355064_32355065del	AA	None	Confirmed somatic variant
BRCA2	COSG68498	ENST00000380152.7	COSS1613700	PD9000a	COSO28395278	COSV66455042	COSN21120935	123721267	c.9256+294C>G	p.?	intron_variant	None	None	38	13	32380439	32380439	+	None	COSU652	None	ENST00000380152.7:c.9256+294C>G	13:g.32380439C>G	C	G	Confirmed somatic variant
BRCA2	COSG68498	ENST00000544455.5	COSS1613700	PD9000a	COSO28395278	COSV66455042	COSN21120935	164996435	c.9256+294C>G	p.?	intron_variant	None	None	38	13	32380439	32380439	+	None	COSU652	None	ENST00000544455.5:c.9256+294C>G	13:g.32380439C>G	C	G	Confirmed somatic variant
BRCA2	COSG68498	ENST00000380152.7	COSS1613708	PD9004a	COSO28395278	COSV66462472	COSN21774306	123703373	c.9257-5941G>T	p.?	intron_variant	None	None	38	13	32388748	32388748	+	None	COSU652	None	ENST00000380152.7:c.9257-5941G>T	13:g.32388748G>T	G	T	Confirmed somatic variant
BRCA2	COSG68498	ENST00000544455.5	COSS1613708	PD9004a	COSO28395278	COSV66462472	COSN21774306	164975960	c.9257-5941G>T	p.?	intron_variant	None	None	38	13	32388748	32388748	+	None	COSU652	None	ENST00000544455.5:c.9257-5941G>T	13:g.32388748G>T	G	T	Confirmed somatic variant
BRCA2	COSG68498	ENST00000380152.7	COSS1659943	SA065	COSO283911696	COSV66463790	COSM214150	123721523	c.7253G>C	p.R2418T	missense_variant	None	None	38	13	32355106	32355106	+	22495314	None	ENSP00000369497.3:p.Arg2418Thr	ENST00000380152.7:c.7253G>C	13:g.32355106G>C	G	C	Confirmed somatic variant
BRCA2	COSG68498	ENST00000544455.5	COSS1659943	SA065	COSO283911696	COSV66463790	COSM214150	164997804	c.7253G>C	p.R2418T	missense_variant	None	None	38	13	32355106	32355106	+	22495314	None	ENSP00000439902.1:p.Arg2418Thr	ENST00000544455.5:c.7253G>C	13:g.32355106G>C	G	C	Confirmed somatic variant
BRCA2	COSG68498	ENST00000380152.7	COSS1659950	SA072	COSO283911696	COSV66448541	COSM211922	123704136	c.8504C>A	p.S2835*	stop_gained	None	None	38	13	32370972	32370972	+	22495314	None	ENSP00000369497.3:p.Ser2835Ter	ENST00000380152.7:c.8504C>A	13:g.32370972C>A	C	A	Confirmed somatic variant
BRCA2	COSG68498	ENST00000544455.5	COSS1659950	SA072	COSO283911696	COSV66448541	COSM211922	164976404	c.8504C>A	p.S2835*	stop_gained	None	None	38	13	32370972	32370972	+	22495314	None	ENSP00000439902.1:p.Ser2835Ter	ENST00000544455.5:c.8504C>A	13:g.32370972C>A	C	A	Confirmed somatic variant
BRCA2	COSG68498	ENST00000380152.7	COSS1659977	SA106	COSO283911696	COSV66462069	COSM214516	123721671	c.9206_9209del	p.C3069Lfs*5	frameshift_variant	het	None	38	13	32380095	32380098	+	22495314	None	ENSP00000369497.3:p.Cys3069LeufsTer5	ENST00000380152.7:c.9206_9209del	13:g.32380095_32380098del	GTTC	None	Confirmed somatic variant
BRCA2	COSG68498	ENST00000544455.5	COSS1659977	SA106	COSO283911696	COSV66462069	COSM214516	164997940	c.9206_9209del	p.C3069Lfs*5	frameshift_variant	het	None	38	13	32380095	32380098	+	22495314	None	ENSP00000439902.1:p.Cys3069LeufsTer5	ENST00000544455.5:c.9206_9209del	13:g.32380095_32380098del	GTTC	None	Confirmed somatic variant
BRCA2	COSG68498	ENST00000380152.7	COSS1695885	PD10011a	COSO28395278	COSV66451162	COSN20935322	123704143	c.68-378A>G	p.?	intron_variant	None	None	38	13	32318699	32318699	+	None	COSU652	None	ENST00000380152.7:c.68-378A>G	13:g.32318699A>G	A	G	Confirmed somatic variant
BRCA2	COSG68498	ENST00000544455.5	COSS1695885	PD10011a	COSO28395278	COSV66451162	COSN20935322	164976410	c.68-378A>G	p.?	intron_variant	None	None	38	13	32318699	32318699	+	None	COSU652	None	ENST00000544455.5:c.68-378A>G	13:g.32318699A>G	A	G	Confirmed somatic variant
BRCA2	COSG68498	ENST00000380152.7	COSS1759830	PD11372a	COSO28395278	COSV66463373	COSM5752532	123704011	c.4972C>T	p.Q1658*	stop_gained	None	None	38	13	32339327	32339327	+	27135926	None	ENSP00000369497.3:p.Gln1658Ter	ENST00000380152.7:c.4972C>T	13:g.32339327C>T	C	T	Confirmed somatic variant
BRCA2	COSG68498	ENST00000380152.7	COSS1759830	PD11372a	COSO28395278	COSV66463373	COSM5752532	123704011	c.4972C>T	p.Q1658*	stop_gained	None	None	38	13	32339327	32339327	+	None	COSU652	ENSP00000369497.3:p.Gln1658Ter	ENST00000380152.7:c.4972C>T	13:g.32339327C>T	C	T	Confirmed somatic variant
BRCA2	COSG68498	ENST00000544455.5	COSS1759830	PD11372a	COSO28395278	COSV66463373	COSM5752532	164976191	c.4972C>T	p.Q1658*	stop_gained	None	None	38	13	32339327	32339327	+	27135926	None	ENSP00000439902.1:p.Gln1658Ter	ENST00000544455.5:c.4972C>T	13:g.32339327C>T	C	T	Confirmed somatic variant
BRCA2	COSG68498	ENST00000544455.5	COSS1759830	PD11372a	COSO28395278	COSV66463373	COSM5752532	164976191	c.4972C>T	p.Q1658*	stop_gained	None	None	38	13	32339327	32339327	+	None	COSU652	ENSP00000439902.1:p.Gln1658Ter	ENST00000544455.5:c.4972C>T	13:g.32339327C>T	C	T	Confirmed somatic variant
BRCA2	COSG68498	ENST00000380152.7	COSS1759857	PD11381a	COSO28395278	COSV61525222	COSN21387527	123730461	c.67+26A>C	p.?	intron_variant	None	None	38	13	32316553	32316553	+	None	COSU652	None	ENST00000380152.7:c.67+26A>C	13:g.32316553A>C	A	C	Confirmed somatic variant
BRCA2	COSG68498	ENST00000544455.5	COSS1759857	PD11381a	COSO28395278	COSV61525222	COSN21387527	165006244	c.67+26A>C	p.?	intron_variant	None	None	38	13	32316553	32316553	+	None	COSU652	None	ENST00000544455.5:c.67+26A>C	13:g.32316553A>C	A	C	Confirmed somatic variant
BRCA2	COSG68498	ENST00000380152.7	COSS1759905	PD11397a	COSO28395278	COSV66455048	COSN22068313	123721270	c.682-451C>T	p.?	intron_variant	None	None	38	13	32330468	32330468	+	None	COSU652	None	ENST00000380152.7:c.682-451C>T	13:g.32330468C>T	C	T	Confirmed somatic variant
BRCA2	COSG68498	ENST00000544455.5	COSS1759905	PD11397a	COSO28395278	COSV66455048	COSN22068313	164996437	c.682-451C>T	p.?	intron_variant	None	None	38	13	32330468	32330468	+	None	COSU652	None	ENST00000544455.5:c.682-451C>T	13:g.32330468C>T	C	T	Confirmed somatic variant
BRCA2	COSG68498	ENST00000380152.7	COSS1768182	PD11744a	COSO28395278	COSV66454212	COSM5776466	123703952	c.2309T>A	p.I770N	missense_variant	None	None	38	13	32336664	32336664	+	None	COSU652	ENSP00000369497.3:p.Ile770Asn	ENST00000380152.7:c.2309T>A	13:g.32336664T>A	T	A	Confirmed somatic variant
BRCA2	COSG68498	ENST00000544455.5	COSS1768182	PD11744a	COSO28395278	COSV66454212	COSM5776466	164976111	c.2309T>A	p.I770N	missense_variant	None	None	38	13	32336664	32336664	+	None	COSU652	ENSP00000439902.1:p.Ile770Asn	ENST00000544455.5:c.2309T>A	13:g.32336664T>A	T	A	Confirmed somatic variant
BRCA2	COSG68498	ENST00000380152.7	COSS1779300	TCGA-A2-A0SU-01	COSO28394862	COSV99061404	COSM7343814	123714512	c.9924C>G	p.Y3308*	stop_gained	None	None	38	13	32398437	32398437	+	None	COSU414	ENSP00000369497.3:p.Tyr3308Ter	ENST00000380152.7:c.9924C>G	13:g.32398437C>G	C	G	Confirmed somatic variant
BRCA2	COSG68498	ENST00000544455.5	COSS1779300	TCGA-A2-A0SU-01	COSO28394862	COSV99061404	COSM7343814	164989706	c.9924C>G	p.Y3308*	stop_gained	None	None	38	13	32398437	32398437	+	None	COSU414	ENSP00000439902.1:p.Tyr3308Ter	ENST00000544455.5:c.9924C>G	13:g.32398437C>G	C	G	Confirmed somatic variant
BRCA2	COSG68498	ENST00000380152.7	COSS1779305	TCGA-A2-A0T0-01	COSO28394862	COSV66460540	COSM432318	123709576	c.8777T>G	p.L2926*	stop_gained	None	None	38	13	32379339	32379339	+	None	COSU414	ENSP00000369497.3:p.Leu2926Ter	ENST00000380152.7:c.8777T>G	13:g.32379339T>G	T	G	Confirmed somatic variant
BRCA2	COSG68498	ENST00000544455.5	COSS1779305	TCGA-A2-A0T0-01	COSO28394862	COSV66460540	COSM432318	164983929	c.8777T>G	p.L2926*	stop_gained	None	None	38	13	32379339	32379339	+	None	COSU414	ENSP00000439902.1:p.Leu2926Ter	ENST00000544455.5:c.8777T>G	13:g.32379339T>G	T	G	Confirmed somatic variant
BRCA2	COSG68498	ENST00000380152.7	COSS1779445	TCGA-AN-A0XW-01	COSO28394862	COSV101204258	COSM7669512	123725721	c.1579C>A	p.P527T	missense_variant	None	None	38	13	32333057	32333057	+	None	COSU414	ENSP00000369497.3:p.Pro527Thr	ENST00000380152.7:c.1579C>A	13:g.32333057C>A	C	A	Confirmed somatic variant
BRCA2	COSG68498	ENST00000544455.5	COSS1779445	TCGA-AN-A0XW-01	COSO28394862	COSV101204258	COSM7669512	165001515	c.1579C>A	p.P527T	missense_variant	None	None	38	13	32333057	32333057	+	None	COSU414	ENSP00000439902.1:p.Pro527Thr	ENST00000544455.5:c.1579C>A	13:g.32333057C>A	C	A	Confirmed somatic variant
BRCA2	COSG68498	ENST00000544455.5	COSS1785486	PD6729a2	COSO28395278	COSV66451560	COSN21761251	165005817	c.317-108T>C	p.?	intron_variant	None	None	38	13	32324968	32324968	+	None	COSU652	None	ENST00000544455.5:c.317-108T>C	13:g.32324968T>C	T	C	Confirmed somatic variant
BRCA2	COSG68498	ENST00000380152.7	COSS1785486	PD6729a2	COSO28395278	COSV66451560	COSN21761251	123729999	c.317-108T>C	p.?	intron_variant	None	None	38	13	32324968	32324968	+	None	COSU652	None	ENST00000380152.7:c.317-108T>C	13:g.32324968T>C	T	C	Confirmed somatic variant
BRCA2	COSG68498	ENST00000544455.5	COSS1832160	PD13299a	COSO28395278	COSV66461238	COSN22366498	164996188	c.681+479C>G	p.?	intron_variant	None	None	38	13	32329971	32329971	+	None	COSU652	None	ENST00000544455.5:c.681+479C>G	13:g.32329971C>G	C	G	Confirmed somatic variant
BRCA2	COSG68498	ENST00000380152.7	COSS1832160	PD13299a	COSO28395278	COSV66461238	COSN22366498	123720404	c.681+479C>G	p.?	intron_variant	None	None	38	13	32329971	32329971	+	None	COSU652	None	ENST00000380152.7:c.681+479C>G	13:g.32329971C>G	C	G	Confirmed somatic variant
BRCA2	COSG68498	ENST00000544455.5	COSS1892089	PD13622a	COSO28395278	COSV66337340	COSN21413912	165009833	c.9649-370T>C	p.?	intron_variant	None	None	38	13	32397792	32397792	+	None	COSU652	None	ENST00000544455.5:c.9649-370T>C	13:g.32397792T>C	T	C	Confirmed somatic variant
BRCA2	COSG68498	ENST00000380152.7	COSS1889490	PD13604a	COSO28395278	COSV66447642	COSM5752569	123700493	c.3038C>G	p.S1013*	stop_gained	None	None	38	13	32337393	32337393	+	27135926	None	ENSP00000369497.3:p.Ser1013Ter	ENST00000380152.7:c.3038C>G	13:g.32337393C>G	C	G	Confirmed somatic variant
BRCA2	COSG68498	ENST00000544455.5	COSS1889490	PD13604a	COSO28395278	COSV66447642	COSM5752569	164971586	c.3038C>G	p.S1013*	stop_gained	None	None	38	13	32337393	32337393	+	27135926	None	ENSP00000439902.1:p.Ser1013Ter	ENST00000544455.5:c.3038C>G	13:g.32337393C>G	C	G	Confirmed somatic variant
BRCA2	COSG68498	ENST00000380152.7	COSS1889490	PD13604a	COSO28395278	COSV66463401	COSM5752571	123727724	c.6070C>T	p.Q2024*	stop_gained	None	None	38	13	32340425	32340425	+	27135926	None	ENSP00000369497.3:p.Gln2024Ter	ENST00000380152.7:c.6070C>T	13:g.32340425C>T	C	T	Confirmed somatic variant
BRCA2	COSG68498	ENST00000544455.5	COSS1889490	PD13604a	COSO28395278	COSV66463401	COSM5752571	165002817	c.6070C>T	p.Q2024*	stop_gained	None	None	38	13	32340425	32340425	+	27135926	None	ENSP00000439902.1:p.Gln2024Ter	ENST00000544455.5:c.6070C>T	13:g.32340425C>T	C	T	Confirmed somatic variant
BRCA2	COSG68498	ENST00000380152.7	COSS1889500	PD13609a	COSO28395278	COSV66460625	COSN24180571	123734554	c.9257-23C>G	p.?	intron_variant	None	None	38	13	32394666	32394666	+	None	COSU652	None	ENST00000380152.7:c.9257-23C>G	13:g.32394666C>G	C	G	Confirmed somatic variant
BRCA2	COSG68498	ENST00000544455.5	COSS1889500	PD13609a	COSO28395278	COSV66460625	COSN24180571	165009862	c.9257-23C>G	p.?	intron_variant	None	None	38	13	32394666	32394666	+	None	COSU652	None	ENST00000544455.5:c.9257-23C>G	13:g.32394666C>G	C	G	Confirmed somatic variant
BRCA2	COSG68498	ENST00000380152.7	COSS1892077	PD13620a	COSO28395278	COSV66336703	COSN21627748	123730466	c.9502-831G>A	p.?	intron_variant	None	None	38	13	32396067	32396067	+	None	COSU652	None	ENST00000380152.7:c.9502-831G>A	13:g.32396067G>A	G	A	Confirmed somatic variant
BRCA2	COSG68498	ENST00000544455.5	COSS1892077	PD13620a	COSO28395278	COSV66336703	COSN21627748	165006250	c.9502-831G>A	p.?	intron_variant	None	None	38	13	32396067	32396067	+	None	COSU652	None	ENST00000544455.5:c.9502-831G>A	13:g.32396067G>A	G	A	Confirmed somatic variant
BRCA2	COSG68498	ENST00000380152.7	COSS1892089	PD13622a	COSO28395278	COSV66337340	COSN21413912	123733730	c.9649-370T>C	p.?	intron_variant	None	None	38	13	32397792	32397792	+	None	COSU652	None	ENST00000380152.7:c.9649-370T>C	13:g.32397792T>C	T	C	Confirmed somatic variant
BRCA2	COSG68498	ENST00000380152.7	COSS1899651	TCGA-A2-A25F-01	COSO28394862	COSV66463579	COSM1477197	123725939	c.9146A>C	p.Y3049S	missense_variant	None	None	38	13	32380035	32380035	+	None	COSU414	ENSP00000369497.3:p.Tyr3049Ser	ENST00000380152.7:c.9146A>C	13:g.32380035A>C	A	C	Confirmed somatic variant
BRCA2	COSG68498	ENST00000380152.7	COSS1899600	TCGA-A2-A04P-01	COSO28394862	COSV101200918	COSM7699161	123714521	c.9616C>G	p.Q3206E	missense_variant	None	None	38	13	32397012	32397012	+	None	COSU414	ENSP00000369497.3:p.Gln3206Glu	ENST00000380152.7:c.9616C>G	13:g.32397012C>G	C	G	Confirmed somatic variant
BRCA2	COSG68498	ENST00000544455.5	COSS1899600	TCGA-A2-A04P-01	COSO28394862	COSV101200918	COSM7699161	164989716	c.9616C>G	p.Q3206E	missense_variant	None	None	38	13	32397012	32397012	+	None	COSU414	ENSP00000439902.1:p.Gln3206Glu	ENST00000544455.5:c.9616C>G	13:g.32397012C>G	C	G	Confirmed somatic variant
BRCA2	COSG68498	ENST00000544455.5	COSS1899704	TCGA-A8-A08L-01	COSO28394862	COSV66461647	COSM432314	164992631	c.7805+1G>A	p.?	splice_donor_variant	None	None	38	13	32357930	32357930	+	None	COSU414	None	ENST00000544455.5:c.7805+1G>A	13:g.32357930G>A	G	A	Confirmed somatic variant
BRCA2	COSG68498	ENST00000544455.5	COSS1899651	TCGA-A2-A25F-01	COSO28394862	COSV66463579	COSM1477197	165001400	c.9146A>C	p.Y3049S	missense_variant	None	None	38	13	32380035	32380035	+	None	COSU414	ENSP00000439902.1:p.Tyr3049Ser	ENST00000544455.5:c.9146A>C	13:g.32380035A>C	A	C	Confirmed somatic variant
BRCA2	COSG68498	ENST00000380152.7	COSS1899682	TCGA-A8-A07I-01	COSO28394862	COSV66460347	COSM432310	123721703	c.4063G>T	p.D1355Y	missense_variant	None	None	38	13	32338418	32338418	+	None	COSU414	ENSP00000369497.3:p.Asp1355Tyr	ENST00000380152.7:c.4063G>T	13:g.32338418G>T	G	T	Confirmed somatic variant
BRCA2	COSG68498	ENST00000544455.5	COSS1899682	TCGA-A8-A07I-01	COSO28394862	COSV66460347	COSM432310	164997970	c.4063G>T	p.D1355Y	missense_variant	None	None	38	13	32338418	32338418	+	None	COSU414	ENSP00000439902.1:p.Asp1355Tyr	ENST00000544455.5:c.4063G>T	13:g.32338418G>T	G	T	Confirmed somatic variant
BRCA2	COSG68498	ENST00000380152.7	COSS1899697	TCGA-A8-A08B-01	COSO28394862	COSV66461830	COSM432309	123733208	c.3808_3810del	p.V1270del	inframe_deletion	None	None	38	13	32338163	32338165	+	None	COSU414	ENSP00000369497.3:p.Val1270del	ENST00000380152.7:c.3808_3810del	13:g.32338163_32338165del	GTT	None	Confirmed somatic variant
BRCA2	COSG68498	ENST00000544455.5	COSS1899697	TCGA-A8-A08B-01	COSO28394862	COSV66461830	COSM432309	165009344	c.3808_3810del	p.V1270del	inframe_deletion	None	None	38	13	32338163	32338165	+	None	COSU414	ENSP00000439902.1:p.Val1270del	ENST00000544455.5:c.3808_3810del	13:g.32338163_32338165del	GTT	None	Confirmed somatic variant
BRCA2	COSG68498	ENST00000380152.7	COSS1899704	TCGA-A8-A08L-01	COSO28394862	COSV66461647	COSM432314	123717294	c.7805+1G>A	p.?	splice_donor_variant	None	None	38	13	32357930	32357930	+	None	COSU414	None	ENST00000380152.7:c.7805+1G>A	13:g.32357930G>A	G	A	Confirmed somatic variant
BRCA2	COSG68498	ENST00000380152.7	COSS1899816	TCGA-AR-A1AI-01	COSO28394862	COSV66448051	COSM432312	123701098	c.7006C>T	p.R2336C	missense_variant,splice_region_variant	None	None	38	13	32346895	32346895	+	None	COSU414	ENSP00000369497.3:p.Arg2336Cys	ENST00000380152.7:c.7006C>T	13:g.32346895C>T	C	T	Confirmed somatic variant
BRCA2	COSG68498	ENST00000544455.5	COSS1899816	TCGA-AR-A1AI-01	COSO28394862	COSV66448051	COSM432312	164972814	c.7006C>T	p.R2336C	missense_variant,splice_region_variant	None	None	38	13	32346895	32346895	+	None	COSU414	ENSP00000439902.1:p.Arg2336Cys	ENST00000544455.5:c.7006C>T	13:g.32346895C>T	C	T	Confirmed somatic variant
BRCA2	COSG68498	ENST00000380152.7	COSS1899736	TCGA-A8-A0A7-01	COSO28394862	COSV101200904	COSM7678601	123714749	c.9523G>A	p.E3175K	missense_variant	None	None	38	13	32396919	32396919	+	None	COSU414	ENSP00000369497.3:p.Glu3175Lys	ENST00000380152.7:c.9523G>A	13:g.32396919G>A	G	A	Confirmed somatic variant
BRCA2	COSG68498	ENST00000544455.5	COSS1899736	TCGA-A8-A0A7-01	COSO28394862	COSV101200904	COSM7678601	164989921	c.9523G>A	p.E3175K	missense_variant	None	None	38	13	32396919	32396919	+	None	COSU414	ENSP00000439902.1:p.Glu3175Lys	ENST00000544455.5:c.9523G>A	13:g.32396919G>A	G	A	Confirmed somatic variant
BRCA2	COSG68498	ENST00000380152.7	COSS1899752	TCGA-AN-A0AT-01	COSO28394862	COSV66452400	COSM432317	123722445	c.7948G>C	p.E2650Q	missense_variant	None	None	38	13	32362665	32362665	+	None	COSU414	ENSP00000369497.3:p.Glu2650Gln	ENST00000380152.7:c.7948G>C	13:g.32362665G>C	G	C	Confirmed somatic variant
BRCA2	COSG68498	ENST00000544455.5	COSS1899752	TCGA-AN-A0AT-01	COSO28394862	COSV66452400	COSM432317	164998048	c.7948G>C	p.E2650Q	missense_variant	None	None	38	13	32362665	32362665	+	None	COSU414	ENSP00000439902.1:p.Glu2650Gln	ENST00000544455.5:c.7948G>C	13:g.32362665G>C	G	C	Confirmed somatic variant
BRCA2	COSG68498	ENST00000380152.7	COSS1899786	TCGA-AO-A124-01	COSO28394862	COSV66337421	COSM432323	123721447	c.9911G>C	p.C3304S	missense_variant	None	None	38	13	32398424	32398424	+	None	COSU414	ENSP00000369497.3:p.Cys3304Ser	ENST00000380152.7:c.9911G>C	13:g.32398424G>C	G	C	Confirmed somatic variant
BRCA2	COSG68498	ENST00000544455.5	COSS1899786	TCGA-AO-A124-01	COSO28394862	COSV66337421	COSM432323	164997730	c.9911G>C	p.C3304S	missense_variant	None	None	38	13	32398424	32398424	+	None	COSU414	ENSP00000439902.1:p.Cys3304Ser	ENST00000544455.5:c.9911G>C	13:g.32398424G>C	G	C	Confirmed somatic variant
BRCA2	COSG68498	ENST00000380152.7	COSS1899793	TCGA-AO-A12E-01	COSO28394862	COSV66448174	COSM3813727	123731919	c.9480C>T	p.N3160=	synonymous_variant	None	None	38	13	32394912	32394912	+	None	COSU414	ENSP00000369497.3:p.Asn3160=	ENST00000380152.7:c.9480C>T	13:g.32394912C>T	C	T	Confirmed somatic variant
BRCA2	COSG68498	ENST00000544455.5	COSS1899793	TCGA-AO-A12E-01	COSO28394862	COSV66448174	COSM3813727	165007506	c.9480C>T	p.N3160=	synonymous_variant	None	None	38	13	32394912	32394912	+	None	COSU414	ENSP00000439902.1:p.Asn3160=	ENST00000544455.5:c.9480C>T	13:g.32394912C>T	C	T	Confirmed somatic variant
BRCA2	COSG68498	ENST00000380152.7	COSS1900003	TCGA-C8-A12T-01	COSO28394862	COSV66337762	COSM432321	123712783	c.9529G>C	p.E3177Q	missense_variant	None	None	38	13	32396925	32396925	+	None	COSU414	ENSP00000369497.3:p.Glu3177Gln	ENST00000380152.7:c.9529G>C	13:g.32396925G>C	G	C	Confirmed somatic variant
BRCA2	COSG68498	ENST00000544455.5	COSS1900003	TCGA-C8-A12T-01	COSO28394862	COSV66337762	COSM432321	164988334	c.9529G>C	p.E3177Q	missense_variant	None	None	38	13	32396925	32396925	+	None	COSU414	ENSP00000439902.1:p.Glu3177Gln	ENST00000544455.5:c.9529G>C	13:g.32396925G>C	G	C	Confirmed somatic variant
BRCA2	COSG68498	ENST00000380152.7	COSS1900035	TCGA-C8-A278-01	COSO28394862	COSV101204023	COSM7690823	123707450	c.6057C>G	p.N2019K	missense_variant	None	None	38	13	32340412	32340412	+	None	COSU414	ENSP00000369497.3:p.Asn2019Lys	ENST00000380152.7:c.6057C>G	13:g.32340412C>G	C	G	Confirmed somatic variant
BRCA2	COSG68498	ENST00000544455.5	COSS1900035	TCGA-C8-A278-01	COSO28394862	COSV101204023	COSM7690823	164981817	c.6057C>G	p.N2019K	missense_variant	None	None	38	13	32340412	32340412	+	None	COSU414	ENSP00000439902.1:p.Asn2019Lys	ENST00000544455.5:c.6057C>G	13:g.32340412C>G	C	G	Confirmed somatic variant
BRCA2	COSG68498	ENST00000380152.7	COSS1900061	TCGA-D8-A1JP-01	COSO28394862	COSV66458259	COSM5224320	123704155	c.5893del	p.L1965Ffs*39	frameshift_variant	None	None	38	13	32340248	32340248	+	None	COSU414	ENSP00000369497.3:p.Leu1965PhefsTer39	ENST00000380152.7:c.5893del	13:g.32340248del	C	None	Confirmed somatic variant
BRCA2	COSG68498	ENST00000544455.5	COSS1900061	TCGA-D8-A1JP-01	COSO28394862	COSV66458259	COSM5224320	164976443	c.5893del	p.L1965Ffs*39	frameshift_variant	None	None	38	13	32340248	32340248	+	None	COSU414	ENSP00000439902.1:p.Leu1965PhefsTer39	ENST00000544455.5:c.5893del	13:g.32340248del	C	None	Confirmed somatic variant
BRCA2	COSG68498	ENST00000380152.7	COSS1900255	TCGA-EW-A1PE-01	COSO28394862	COSV66452216	COSM1477194	123735604	c.3472G>C	p.E1158Q	missense_variant	None	None	38	13	32337827	32337827	+	None	COSU414	ENSP00000369497.3:p.Glu1158Gln	ENST00000380152.7:c.3472G>C	13:g.32337827G>C	G	C	Confirmed somatic variant
BRCA2	COSG68498	ENST00000544455.5	COSS1900255	TCGA-EW-A1PE-01	COSO28394862	COSV66452216	COSM1477194	165012159	c.3472G>C	p.E1158Q	missense_variant	None	None	38	13	32337827	32337827	+	None	COSU414	ENSP00000439902.1:p.Glu1158Gln	ENST00000544455.5:c.3472G>C	13:g.32337827G>C	G	C	Confirmed somatic variant
BRCA2	COSG68498	ENST00000380152.7	COSS1900255	TCGA-EW-A1PE-01	COSO28394862	COSV66452223	COSM1477196	123735608	c.3573G>C	p.K1191N	missense_variant	None	None	38	13	32337928	32337928	+	None	COSU414	ENSP00000369497.3:p.Lys1191Asn	ENST00000380152.7:c.3573G>C	13:g.32337928G>C	G	C	Confirmed somatic variant
BRCA2	COSG68498	ENST00000544455.5	COSS1900255	TCGA-EW-A1PE-01	COSO28394862	COSV66452223	COSM1477196	165012165	c.3573G>C	p.K1191N	missense_variant	None	None	38	13	32337928	32337928	+	None	COSU414	ENSP00000439902.1:p.Lys1191Asn	ENST00000544455.5:c.3573G>C	13:g.32337928G>C	G	C	Confirmed somatic variant
BRCA2	COSG68498	ENST00000380152.7	COSS1908793	PD13771a	COSO28395278	COSV66448995	COSN21426834	123703377	c.9257-320A>T	p.?	intron_variant	None	None	38	13	32394369	32394369	+	None	COSU652	None	ENST00000380152.7:c.9257-320A>T	13:g.32394369A>T	A	T	Confirmed somatic variant
BRCA2	COSG68498	ENST00000544455.5	COSS1908793	PD13771a	COSO28395278	COSV66448995	COSN21426834	164975970	c.9257-320A>T	p.?	intron_variant	None	None	38	13	32394369	32394369	+	None	COSU652	None	ENST00000544455.5:c.9257-320A>T	13:g.32394369A>T	A	T	Confirmed somatic variant
BRCA2	COSG68498	ENST00000380152.7	COSS2031853	PD18189a	COSO28395278	COSV66454930	COSN21856553	123728606	c.9256+646C>T	p.?	intron_variant	None	None	38	13	32380791	32380791	+	None	COSU652	None	ENST00000380152.7:c.9256+646C>T	13:g.32380791C>T	C	T	Confirmed somatic variant
BRCA2	COSG68498	ENST00000544455.5	COSS2031853	PD18189a	COSO28395278	COSV66454930	COSN21856553	165004071	c.9256+646C>T	p.?	intron_variant	None	None	38	13	32380791	32380791	+	None	COSU652	None	ENST00000544455.5:c.9256+646C>T	13:g.32380791C>T	C	T	Confirmed somatic variant
BRCA2	COSG68498	ENST00000380152.7	COSS2040184	PD18258a	COSO28395278	COSV66461493	COSM5783888	123713579	c.3281A>T	p.K1094M	missense_variant	None	None	38	13	32337636	32337636	+	None	COSU652	ENSP00000369497.3:p.Lys1094Met	ENST00000380152.7:c.3281A>T	13:g.32337636A>T	A	T	Confirmed somatic variant
BRCA2	COSG68498	ENST00000544455.5	COSS2040184	PD18258a	COSO28395278	COSV66461493	COSM5783888	164988856	c.3281A>T	p.K1094M	missense_variant	None	None	38	13	32337636	32337636	+	None	COSU652	ENSP00000439902.1:p.Lys1094Met	ENST00000544455.5:c.3281A>T	13:g.32337636A>T	A	T	Confirmed somatic variant
BRCA2	COSG68498	ENST00000544455.5	COSS2187824	TCGA-AN-A046-01	COSO28394862	COSV66337145	COSM1677595	164975208	c.10024G>A	p.E3342K	missense_variant	None	None	38	13	32398537	32398537	+	None	COSU414	ENSP00000439902.1:p.Glu3342Lys	ENST00000544455.5:c.10024G>A	13:g.32398537G>A	G	A	Confirmed somatic variant
BRCA2	COSG68498	ENST00000380152.7	COSS2187716	TCGA-LD-A74U-01	COSO28394862	COSV101204303	COSM7697020	123717654	c.9499G>C	p.E3167Q	missense_variant,splice_region_variant	None	None	38	13	32394931	32394931	+	None	COSU414	ENSP00000369497.3:p.Glu3167Gln	ENST00000380152.7:c.9499G>C	13:g.32394931G>C	G	C	Confirmed somatic variant
BRCA2	COSG68498	ENST00000544455.5	COSS2187716	TCGA-LD-A74U-01	COSO28394862	COSV101204303	COSM7697020	164993680	c.9499G>C	p.E3167Q	missense_variant,splice_region_variant	None	None	38	13	32394931	32394931	+	None	COSU414	ENSP00000439902.1:p.Glu3167Gln	ENST00000544455.5:c.9499G>C	13:g.32394931G>C	G	C	Confirmed somatic variant
BRCA2	COSG68498	ENST00000380152.7	COSS2187757	TCGA-E9-A54Y-01	COSO28394862	COSV101204717	COSM7661793	123721227	c.8228G>A	p.G2743D	missense_variant	None	None	38	13	32363430	32363430	+	None	COSU414	ENSP00000369497.3:p.Gly2743Asp	ENST00000380152.7:c.8228G>A	13:g.32363430G>A	G	A	Confirmed somatic variant
BRCA2	COSG68498	ENST00000544455.5	COSS2187757	TCGA-E9-A54Y-01	COSO28394862	COSV101204717	COSM7661793	164996391	c.8228G>A	p.G2743D	missense_variant	None	None	38	13	32363430	32363430	+	None	COSU414	ENSP00000439902.1:p.Gly2743Asp	ENST00000544455.5:c.8228G>A	13:g.32363430G>A	G	A	Confirmed somatic variant
BRCA2	COSG68498	ENST00000380152.7	COSS2187781	TCGA-D8-A27G-01	COSO28394862	COSV66463236	COSM3813725	123701272	c.6523G>C	p.E2175Q	missense_variant	None	None	38	13	32340878	32340878	+	None	COSU414	ENSP00000369497.3:p.Glu2175Gln	ENST00000380152.7:c.6523G>C	13:g.32340878G>C	G	C	Confirmed somatic variant
BRCA2	COSG68498	ENST00000544455.5	COSS2187781	TCGA-D8-A27G-01	COSO28394862	COSV66463236	COSM3813725	164973081	c.6523G>C	p.E2175Q	missense_variant	None	None	38	13	32340878	32340878	+	None	COSU414	ENSP00000439902.1:p.Glu2175Gln	ENST00000544455.5:c.6523G>C	13:g.32340878G>C	G	C	Confirmed somatic variant
BRCA2	COSG68498	ENST00000380152.7	COSS2187797	TCGA-BH-A0HF-01	COSO28394862	COSV66450480	COSM3813721	123733223	c.2636C>T	p.S879F	missense_variant	None	None	38	13	32336991	32336991	+	None	COSU414	ENSP00000369497.3:p.Ser879Phe	ENST00000380152.7:c.2636C>T	13:g.32336991C>T	C	T	Confirmed somatic variant
BRCA2	COSG68498	ENST00000544455.5	COSS2187797	TCGA-BH-A0HF-01	COSO28394862	COSV66450480	COSM3813721	165009363	c.2636C>T	p.S879F	missense_variant	None	None	38	13	32336991	32336991	+	None	COSU414	ENSP00000439902.1:p.Ser879Phe	ENST00000544455.5:c.2636C>T	13:g.32336991C>T	C	T	Confirmed somatic variant
BRCA2	COSG68498	ENST00000380152.7	COSS2187824	TCGA-AN-A046-01	COSO28394862	COSV101204034	COSM7690189	123730470	c.2954A>T	p.K985I	missense_variant	None	None	38	13	32337309	32337309	+	None	COSU414	ENSP00000369497.3:p.Lys985Ile	ENST00000380152.7:c.2954A>T	13:g.32337309A>T	A	T	Confirmed somatic variant
BRCA2	COSG68498	ENST00000544455.5	COSS2187824	TCGA-AN-A046-01	COSO28394862	COSV101204034	COSM7690189	165006254	c.2954A>T	p.K985I	missense_variant	None	None	38	13	32337309	32337309	+	None	COSU414	ENSP00000439902.1:p.Lys985Ile	ENST00000544455.5:c.2954A>T	13:g.32337309A>T	A	T	Confirmed somatic variant
BRCA2	COSG68498	ENST00000380152.7	COSS2187824	TCGA-AN-A046-01	COSO28394862	COSV66337145	COSM1677595	123703180	c.10024G>A	p.E3342K	missense_variant	None	None	38	13	32398537	32398537	+	None	COSU414	ENSP00000369497.3:p.Glu3342Lys	ENST00000380152.7:c.10024G>A	13:g.32398537G>A	G	A	Confirmed somatic variant
BRCA2	COSG68498	ENST00000380152.7	COSS2187848	TCGA-AC-A23H-01	COSO28394862	COSV66447520	COSM3813719	123701264	c.2059G>C	p.D687H	missense_variant	None	None	38	13	32336414	32336414	+	None	COSU414	ENSP00000369497.3:p.Asp687His	ENST00000380152.7:c.2059G>C	13:g.32336414G>C	G	C	Confirmed somatic variant
BRCA2	COSG68498	ENST00000544455.5	COSS2187848	TCGA-AC-A23H-01	COSO28394862	COSV66447520	COSM3813719	164973065	c.2059G>C	p.D687H	missense_variant	None	None	38	13	32336414	32336414	+	None	COSU414	ENSP00000439902.1:p.Asp687His	ENST00000544455.5:c.2059G>C	13:g.32336414G>C	G	C	Confirmed somatic variant
BRCA2	COSG68498	ENST00000380152.7	COSS2187848	TCGA-AC-A23H-01	COSO28394862	COSV66447528	COSM3813722	123701268	c.3097G>C	p.D1033H	missense_variant	None	None	38	13	32337452	32337452	+	None	COSU414	ENSP00000369497.3:p.Asp1033His	ENST00000380152.7:c.3097G>C	13:g.32337452G>C	G	C	Confirmed somatic variant
BRCA2	COSG68498	ENST00000544455.5	COSS2187848	TCGA-AC-A23H-01	COSO28394862	COSV66447528	COSM3813722	164973072	c.3097G>C	p.D1033H	missense_variant	None	None	38	13	32337452	32337452	+	None	COSU414	ENSP00000439902.1:p.Asp1033His	ENST00000544455.5:c.3097G>C	13:g.32337452G>C	G	C	Confirmed somatic variant
BRCA2	COSG68498	ENST00000380152.7	COSS2187850	TCGA-A8-A0A6-01	COSO28394862	COSV66338045	COSM3813729	123711389	c.9843A>C	p.P3281=	synonymous_variant	None	None	38	13	32398356	32398356	+	None	COSU414	ENSP00000369497.3:p.Pro3281=	ENST00000380152.7:c.9843A>C	13:g.32398356A>C	A	C	Confirmed somatic variant
BRCA2	COSG68498	ENST00000544455.5	COSS2187850	TCGA-A8-A0A6-01	COSO28394862	COSV66338045	COSM3813729	164986039	c.9843A>C	p.P3281=	synonymous_variant	None	None	38	13	32398356	32398356	+	None	COSU414	ENSP00000439902.1:p.Pro3281=	ENST00000544455.5:c.9843A>C	13:g.32398356A>C	A	C	Confirmed somatic variant
BRCA2	COSG68498	ENST00000380152.7	COSS2199773	PD22357a	COSO28395278	COSV66456327	COSN22454902	123722898	c.6937+832C>T	p.?	intron_variant	None	None	38	13	32345485	32345485	+	None	COSU652	None	ENST00000380152.7:c.6937+832C>T	13:g.32345485C>T	C	T	Confirmed somatic variant
BRCA2	COSG68498	ENST00000544455.5	COSS2199773	PD22357a	COSO28395278	COSV66456327	COSN22454902	164999249	c.6937+832C>T	p.?	intron_variant	None	None	38	13	32345485	32345485	+	None	COSU652	None	ENST00000544455.5:c.6937+832C>T	13:g.32345485C>T	C	T	Confirmed somatic variant
BRCA2	COSG68498	ENST00000380152.7	COSS2199779	PD22360a	COSO28395278	COSV66336613	COSN22639666	123709764	c.9648+33G>C	p.?	intron_variant	None	None	38	13	32397077	32397077	+	None	COSU652	None	ENST00000380152.7:c.9648+33G>C	13:g.32397077G>C	G	C	Confirmed somatic variant
BRCA2	COSG68498	ENST00000544455.5	COSS2199779	PD22360a	COSO28395278	COSV66336613	COSN22639666	164984605	c.9648+33G>C	p.?	intron_variant	None	None	38	13	32397077	32397077	+	None	COSU652	None	ENST00000544455.5:c.9648+33G>C	13:g.32397077G>C	G	C	Confirmed somatic variant
BRCA2	COSG68498	ENST00000380152.7	COSS2213148	PD23565a	COSO28395278	COSV66450926	COSM5752617	123726542	c.5959C>T	p.Q1987*	stop_gained	None	None	38	13	32340314	32340314	+	27135926	None	ENSP00000369497.3:p.Gln1987Ter	ENST00000380152.7:c.5959C>T	13:g.32340314C>T	C	T	Confirmed somatic variant
BRCA2	COSG68498	ENST00000380152.7	COSS2213148	PD23565a	COSO28395278	COSV66450926	COSM5752617	123726542	c.5959C>T	p.Q1987*	stop_gained	None	None	38	13	32340314	32340314	+	None	COSU652	ENSP00000369497.3:p.Gln1987Ter	ENST00000380152.7:c.5959C>T	13:g.32340314C>T	C	T	Confirmed somatic variant
BRCA2	COSG68498	ENST00000544455.5	COSS2213148	PD23565a	COSO28395278	COSV66450926	COSM5752617	165001815	c.5959C>T	p.Q1987*	stop_gained	None	None	38	13	32340314	32340314	+	27135926	None	ENSP00000439902.1:p.Gln1987Ter	ENST00000544455.5:c.5959C>T	13:g.32340314C>T	C	T	Confirmed somatic variant
BRCA2	COSG68498	ENST00000544455.5	COSS2213148	PD23565a	COSO28395278	COSV66450926	COSM5752617	165001815	c.5959C>T	p.Q1987*	stop_gained	None	None	38	13	32340314	32340314	+	None	COSU652	ENSP00000439902.1:p.Gln1987Ter	ENST00000544455.5:c.5959C>T	13:g.32340314C>T	C	T	Confirmed somatic variant
BRCA2	COSG68498	ENST00000380152.7	COSS2213166	PD23574a	COSO28395278	COSV66458298	COSN22291261	123721695	c.9501+85A>C	p.?	intron_variant	None	None	38	13	32395018	32395018	+	None	COSU652	None	ENST00000380152.7:c.9501+85A>C	13:g.32395018A>C	A	C	Confirmed somatic variant
BRCA2	COSG68498	ENST00000544455.5	COSS2213166	PD23574a	COSO28395278	COSV66458298	COSN22291261	164997959	c.9501+85A>C	p.?	intron_variant	None	None	38	13	32395018	32395018	+	None	COSU652	None	ENST00000544455.5:c.9501+85A>C	13:g.32395018A>C	A	C	Confirmed somatic variant
BRCA2	COSG68498	ENST00000380152.7	COSS2234076	PD24191a	COSO28395278	COSV66449269	COSM5752291	123713413	c.5751_6610del	p.H1918Cfs*20	frameshift_variant	None	None	38	13	32340104	32340963	+	27135926	None	ENSP00000369497.3:p.His1918CysfsTer20	ENST00000380152.7:c.5751_6610del	13:g.32340104_32340963del	TCACATAAGGTTTTTGCTGACATTCAGAGTGAAGAAATTTTACAACATAACCAAAATATGTCTGGATTGGAGAAAGTTTCTAAAATATCACCTTGTGATGTTAGTTTGGAAACTTCAGATATATGTAAATGTAGTATAGGGAAGCTTCATAAGTCAGTCTCATCTGCAAATACTTGTGGGATTTTTAGCACAGCAAGTGGAAAATCTGTCCAGGTATCAGATGCTTCATTACAAAACGCAAGACAAGTGTTTTCTGAAATAGAAGATAGTACCAAGCAAGTCTTTTCCAAAGTATTGTTTAAAAGTAACGAACATTCAGACCAGCTCACAAGAGAAGAAAATACTGCTATACGTACTCCAGAACATTTAATATCCCAAAAAGGCTTTTCATATAATGTGGTAAATTCATCTGCTTTCTCTGGATTTAGTACAGCAAGTGGAAAGCAAGTTTCCATTTTAGAAAGTTCCTTACACAAAGTTAAGGGAGTGTTAGAGGAATTTGATTTAATCAGAACTGAGCATAGTCTTCACTATTCACCTACGTCTAGACAAAATGTATCAAAAATACTTCCTCGTGTTGATAAGAGAAACCCAGAGCACTGTGTAAACTCAGAAATGGAAAAAACCTGCAGTAAAGAATTTAAATTATCAAATAACTTAAATGTTGAAGGTGGTTCTTCAGAAAATAATCACTCTATTAAAGTTTCTCCATATCTCTCTCAATTTCAACAAGACAAACAACAGTTGGTATTAGGAACCAAAGTGTCACTTGTTGAGAACATTCATGTTTTGGGAAAAGAACAGGCTTCACCTAAAAACGTAAAAATGGAAATTGGTAAAACTGAAACTTTTTCTGATGT	None	Confirmed somatic variant
BRCA2	COSG68498	ENST00000544455.5	COSS2234076	PD24191a	COSO28395278	COSV66449269	COSM5752291	164988536	c.5751_6610del	p.H1918Cfs*20	frameshift_variant	None	None	38	13	32340104	32340963	+	27135926	None	ENSP00000439902.1:p.His1918CysfsTer20	ENST00000544455.5:c.5751_6610del	13:g.32340104_32340963del	TCACATAAGGTTTTTGCTGACATTCAGAGTGAAGAAATTTTACAACATAACCAAAATATGTCTGGATTGGAGAAAGTTTCTAAAATATCACCTTGTGATGTTAGTTTGGAAACTTCAGATATATGTAAATGTAGTATAGGGAAGCTTCATAAGTCAGTCTCATCTGCAAATACTTGTGGGATTTTTAGCACAGCAAGTGGAAAATCTGTCCAGGTATCAGATGCTTCATTACAAAACGCAAGACAAGTGTTTTCTGAAATAGAAGATAGTACCAAGCAAGTCTTTTCCAAAGTATTGTTTAAAAGTAACGAACATTCAGACCAGCTCACAAGAGAAGAAAATACTGCTATACGTACTCCAGAACATTTAATATCCCAAAAAGGCTTTTCATATAATGTGGTAAATTCATCTGCTTTCTCTGGATTTAGTACAGCAAGTGGAAAGCAAGTTTCCATTTTAGAAAGTTCCTTACACAAAGTTAAGGGAGTGTTAGAGGAATTTGATTTAATCAGAACTGAGCATAGTCTTCACTATTCACCTACGTCTAGACAAAATGTATCAAAAATACTTCCTCGTGTTGATAAGAGAAACCCAGAGCACTGTGTAAACTCAGAAATGGAAAAAACCTGCAGTAAAGAATTTAAATTATCAAATAACTTAAATGTTGAAGGTGGTTCTTCAGAAAATAATCACTCTATTAAAGTTTCTCCATATCTCTCTCAATTTCAACAAGACAAACAACAGTTGGTATTAGGAACCAAAGTGTCACTTGTTGAGAACATTCATGTTTTGGGAAAAGAACAGGCTTCACCTAAAAACGTAAAAATGGAAATTGGTAAAACTGAAACTTTTTCTGATGT	None	Confirmed somatic variant
BRCA2	COSG68498	ENST00000380152.7	COSS2234108	PD24207a	COSO28395278	COSV66452092	COSN20645497	123702334	c.9257-2243G>A	p.?	intron_variant	None	None	38	13	32392446	32392446	+	None	COSU652	None	ENST00000380152.7:c.9257-2243G>A	13:g.32392446G>A	G	A	Confirmed somatic variant
BRCA2	COSG68498	ENST00000544455.5	COSS2234108	PD24207a	COSO28395278	COSV66452092	COSN20645497	164974564	c.9257-2243G>A	p.?	intron_variant	None	None	38	13	32392446	32392446	+	None	COSU652	None	ENST00000544455.5:c.9257-2243G>A	13:g.32392446G>A	G	A	Confirmed somatic variant
BRCA2	COSG68498	ENST00000380152.7	COSS2241692	PD24326a	COSO28395278	COSV66447831	COSM5752638	123715467	c.7060C>T	p.Q2354*	stop_gained	None	None	38	13	32354913	32354913	+	27135926	None	ENSP00000369497.3:p.Gln2354Ter	ENST00000380152.7:c.7060C>T	13:g.32354913C>T	C	T	Confirmed somatic variant
BRCA2	COSG68498	ENST00000544455.5	COSS2241692	PD24326a	COSO28395278	COSV66447831	COSM5752638	164991634	c.7060C>T	p.Q2354*	stop_gained	None	None	38	13	32354913	32354913	+	27135926	None	ENSP00000439902.1:p.Gln2354Ter	ENST00000544455.5:c.7060C>T	13:g.32354913C>T	C	T	Confirmed somatic variant
BRCA2	COSG68498	ENST00000380152.7	COSS2262908	TCGA-LL-A73Y-01	COSO28394862	COSV101204678	COSM7699353	123720434	c.1786G>A	p.D596N	missense_variant	None	None	38	13	32333264	32333264	+	None	COSU414	ENSP00000369497.3:p.Asp596Asn	ENST00000380152.7:c.1786G>A	13:g.32333264G>A	G	A	Confirmed somatic variant
BRCA2	COSG68498	ENST00000544455.5	COSS2262908	TCGA-LL-A73Y-01	COSO28394862	COSV101204678	COSM7699353	164996216	c.1786G>A	p.D596N	missense_variant	None	None	38	13	32333264	32333264	+	None	COSU414	ENSP00000439902.1:p.Asp596Asn	ENST00000544455.5:c.1786G>A	13:g.32333264G>A	G	A	Confirmed somatic variant
BRCA2	COSG68498	ENST00000380152.7	COSS2373528	BRC39	COSO283911695	COSV66453650	COSM5027751	123741995	c.99A>G	p.E33=	synonymous_variant	None	None	38	13	32319108	32319108	+	22722193	None	ENSP00000369497.3:p.Glu33=	ENST00000380152.7:c.99A>G	13:g.32319108A>G	A	G	Confirmed somatic variant
BRCA2	COSG68498	ENST00000544455.5	COSS2373528	BRC39	COSO283911695	COSV66453650	COSM5027751	165020386	c.99A>G	p.E33=	synonymous_variant	None	None	38	13	32319108	32319108	+	22722193	None	ENSP00000439902.1:p.Glu33=	ENST00000544455.5:c.99A>G	13:g.32319108A>G	A	G	Confirmed somatic variant
BRCA2	COSG68498	ENST00000380152.7	COSS2549217	DN12100	COSO283912932	COSV66447642	COSM5752569	123700493	c.3038C>G	p.S1013*	stop_gained	None	None	38	13	32337393	32337393	+	27406316	None	ENSP00000369497.3:p.Ser1013Ter	ENST00000380152.7:c.3038C>G	13:g.32337393C>G	C	G	Confirmed somatic variant
BRCA2	COSG68498	ENST00000544455.5	COSS2549217	DN12100	COSO283912932	COSV66447642	COSM5752569	164971586	c.3038C>G	p.S1013*	stop_gained	None	None	38	13	32337393	32337393	+	27406316	None	ENSP00000439902.1:p.Ser1013Ter	ENST00000544455.5:c.3038C>G	13:g.32337393C>G	C	G	Confirmed somatic variant
BRCA2	COSG68498	ENST00000380152.7	COSS2549217	DN12100	COSO283912932	COSV66460625	COSN24180571	123734554	c.9257-23C>G	p.?	intron_variant	None	None	38	13	32394666	32394666	+	None	COSU668	None	ENST00000380152.7:c.9257-23C>G	13:g.32394666C>G	C	G	Confirmed somatic variant
BRCA2	COSG68498	ENST00000380152.7	COSS2549250	DN1121A	COSO283912932	COSV66454930	COSN21856553	123728606	c.9256+646C>T	p.?	intron_variant	None	None	38	13	32380791	32380791	+	None	COSU668	None	ENST00000380152.7:c.9256+646C>T	13:g.32380791C>T	C	T	Confirmed somatic variant
BRCA2	COSG68498	ENST00000544455.5	COSS2549250	DN1121A	COSO283912932	COSV66454930	COSN21856553	165004071	c.9256+646C>T	p.?	intron_variant	None	None	38	13	32380791	32380791	+	None	COSU668	None	ENST00000544455.5:c.9256+646C>T	13:g.32380791C>T	C	T	Confirmed somatic variant
BRCA2	COSG68498	ENST00000544455.5	COSS2549217	DN12100	COSO283912932	COSV66460625	COSN24180571	165009862	c.9257-23C>G	p.?	intron_variant	None	None	38	13	32394666	32394666	+	None	COSU668	None	ENST00000544455.5:c.9257-23C>G	13:g.32394666C>G	C	G	Confirmed somatic variant
BRCA2	COSG68498	ENST00000380152.7	COSS2549285	DN14012	COSO283912932	COSV66336991	COSM5961288	123729465	c.9711G>A	p.R3237=	synonymous_variant	None	None	38	13	32398224	32398224	+	None	COSU668	ENSP00000369497.3:p.Arg3237=	ENST00000380152.7:c.9711G>A	13:g.32398224G>A	G	A	Confirmed somatic variant
BRCA2	COSG68498	ENST00000544455.5	COSS2549285	DN14012	COSO283912932	COSV66336991	COSM5961288	165004316	c.9711G>A	p.R3237=	synonymous_variant	None	None	38	13	32398224	32398224	+	None	COSU668	ENSP00000439902.1:p.Arg3237=	ENST00000544455.5:c.9711G>A	13:g.32398224G>A	G	A	Confirmed somatic variant
BRCA2	COSG68498	ENST00000380152.7	COSS2549285	DN14012	COSO283912932	COSV66451720	COSN24046925	123728932	c.8332-1062A>C	p.?	intron_variant	None	None	38	13	32369340	32369340	+	None	COSU668	None	ENST00000380152.7:c.8332-1062A>C	13:g.32369340A>C	A	C	Confirmed somatic variant
BRCA2	COSG68498	ENST00000544455.5	COSS2549285	DN14012	COSO283912932	COSV66451720	COSN24046925	165004305	c.8332-1062A>C	p.?	intron_variant	None	None	38	13	32369340	32369340	+	None	COSU668	None	ENST00000544455.5:c.8332-1062A>C	13:g.32369340A>C	A	C	Confirmed somatic variant
BRCA2	COSG68498	ENST00000380152.7	COSS2549285	DN14012	COSO283912932	COSV66451723	COSN24046926	123729457	c.8332-946C>G	p.?	intron_variant	None	None	38	13	32369456	32369456	+	None	COSU668	None	ENST00000380152.7:c.8332-946C>G	13:g.32369456C>G	C	G	Confirmed somatic variant
BRCA2	COSG68498	ENST00000544455.5	COSS2549285	DN14012	COSO283912932	COSV66451723	COSN24046926	165004310	c.8332-946C>G	p.?	intron_variant	None	None	38	13	32369456	32369456	+	None	COSU668	None	ENST00000544455.5:c.8332-946C>G	13:g.32369456C>G	C	G	Confirmed somatic variant
BRCA2	COSG68498	ENST00000380152.7	COSS2549285	DN14012	COSO283912932	COSV66451725	COSN24048321	123729460	c.9257-254G>A	p.?	intron_variant	None	None	38	13	32394435	32394435	+	None	COSU668	None	ENST00000380152.7:c.9257-254G>A	13:g.32394435G>A	G	A	Confirmed somatic variant
BRCA2	COSG68498	ENST00000544455.5	COSS2549285	DN14012	COSO283912932	COSV66451725	COSN24048321	165004312	c.9257-254G>A	p.?	intron_variant	None	None	38	13	32394435	32394435	+	None	COSU668	None	ENST00000544455.5:c.9257-254G>A	13:g.32394435G>A	G	A	Confirmed somatic variant
BRCA2	COSG68498	ENST00000380152.7	COSS2549288	DN14011	COSO283912932	COSV66450615	COSN24144673	123722837	c.9256+1280G>A	p.?	intron_variant	None	None	38	13	32381425	32381425	+	None	COSU668	None	ENST00000380152.7:c.9256+1280G>A	13:g.32381425G>A	G	A	Confirmed somatic variant
BRCA2	COSG68498	ENST00000544455.5	COSS2549288	DN14011	COSO283912932	COSV66450615	COSN24144673	164999183	c.9256+1280G>A	p.?	intron_variant	None	None	38	13	32381425	32381425	+	None	COSU668	None	ENST00000544455.5:c.9256+1280G>A	13:g.32381425G>A	G	A	Confirmed somatic variant
BRCA2	COSG68498	ENST00000380152.7	COSS2549294	DN120F1	COSO283912932	COSV66453074	COSN24184516	123708746	c.317-1204A>G	p.?	intron_variant	None	None	38	13	32323872	32323872	+	None	COSU668	None	ENST00000380152.7:c.317-1204A>G	13:g.32323872A>G	A	G	Confirmed somatic variant
BRCA2	COSG68498	ENST00000544455.5	COSS2549294	DN120F1	COSO283912932	COSV66453074	COSN24184516	164983256	c.317-1204A>G	p.?	intron_variant	None	None	38	13	32323872	32323872	+	None	COSU668	None	ENST00000544455.5:c.317-1204A>G	13:g.32323872A>G	A	G	Confirmed somatic variant
BRCA2	COSG68498	ENST00000380152.7	COSS2549311	DN14042	COSO283912932	COSV66462681	COSN24156115	123735002	c.9257-1395C>T	p.?	intron_variant	None	None	38	13	32393294	32393294	+	None	COSU668	None	ENST00000380152.7:c.9257-1395C>T	13:g.32393294C>T	C	T	Confirmed somatic variant
BRCA2	COSG68498	ENST00000544455.5	COSS2549311	DN14042	COSO283912932	COSV66462681	COSN24156115	165011415	c.9257-1395C>T	p.?	intron_variant	None	None	38	13	32393294	32393294	+	None	COSU668	None	ENST00000544455.5:c.9257-1395C>T	13:g.32393294C>T	C	T	Confirmed somatic variant
BRCA2	COSG68498	ENST00000380152.7	COSS2549318	DN1401F	COSO283912932	COSV66454544	COSN24035619	123706608	c.8632+1033G>C	p.?	intron_variant	None	None	38	13	32372133	32372133	+	None	COSU668	None	ENST00000380152.7:c.8632+1033G>C	13:g.32372133G>C	G	C	Confirmed somatic variant
BRCA2	COSG68498	ENST00000544455.5	COSS2549318	DN1401F	COSO283912932	COSV66454544	COSN24035619	164980712	c.8632+1033G>C	p.?	intron_variant	None	None	38	13	32372133	32372133	+	None	COSU668	None	ENST00000544455.5:c.8632+1033G>C	13:g.32372133G>C	G	C	Confirmed somatic variant
BRCA2	COSG68498	ENST00000380152.7	COSS2628400	META42	COSO283910722	COSV66336695	COSM6194727	123714816	c.9860G>C	p.C3287S	missense_variant	None	None	38	13	32398373	32398373	+	28153863	None	ENSP00000369497.3:p.Cys3287Ser	ENST00000380152.7:c.9860G>C	13:g.32398373G>C	G	C	Confirmed somatic variant
BRCA2	COSG68498	ENST00000544455.5	COSS2628400	META42	COSO283910722	COSV66336695	COSM6194727	164989976	c.9860G>C	p.C3287S	missense_variant	None	None	38	13	32398373	32398373	+	28153863	None	ENSP00000439902.1:p.Cys3287Ser	ENST00000544455.5:c.9860G>C	13:g.32398373G>C	G	C	Confirmed somatic variant
BRCA2	COSG68498	ENST00000380152.7	COSS2628405	MP1	COSO283910722	COSV66453487	COSM6196455	123705015	c.6676_6677del	p.E2226Sfs*6	frameshift_variant	None	None	38	13	32341031	32341032	+	28153863	None	ENSP00000369497.3:p.Glu2226SerfsTer6	ENST00000380152.7:c.6676_6677del	13:g.32341031_32341032del	GA	None	Confirmed somatic variant
BRCA2	COSG68498	ENST00000544455.5	COSS2628405	MP1	COSO283910722	COSV66453487	COSM6196455	164978297	c.6676_6677del	p.E2226Sfs*6	frameshift_variant	None	None	38	13	32341031	32341032	+	28153863	None	ENSP00000439902.1:p.Glu2226SerfsTer6	ENST00000544455.5:c.6676_6677del	13:g.32341031_32341032del	GA	None	Confirmed somatic variant
BRCA2	COSG68498	ENST00000380152.7	COSS2633585	DN15030	COSO283912932	COSV66459435	COSN26721951	123723758	c.8754+925C>A	p.?	intron_variant	None	None	38	13	32377716	32377716	+	None	COSU668	None	ENST00000380152.7:c.8754+925C>A	13:g.32377716C>A	C	A	Confirmed somatic variant
BRCA2	COSG68498	ENST00000544455.5	COSS2633585	DN15030	COSO283912932	COSV66459435	COSN26721951	164999462	c.8754+925C>A	p.?	intron_variant	None	None	38	13	32377716	32377716	+	None	COSU668	None	ENST00000544455.5:c.8754+925C>A	13:g.32377716C>A	C	A	Confirmed somatic variant
BRCA2	COSG68498	ENST00000544455.5	COSS2662691	MBC_189	COSO283917426	COSV66460951	COSM6585085	165004419	c.8407C>A	p.L2803M	missense_variant	None	None	38	13	32370477	32370477	+	28027327	None	ENSP00000439902.1:p.Leu2803Met	ENST00000544455.5:c.8407C>A	13:g.32370477C>A	C	A	Confirmed somatic variant
BRCA2	COSG68498	ENST00000380152.7	COSS2662691	MBC_189	COSO283917426	COSV66460951	COSM6585085	123729583	c.8407C>A	p.L2803M	missense_variant	None	None	38	13	32370477	32370477	+	28027327	None	ENSP00000369497.3:p.Leu2803Met	ENST00000380152.7:c.8407C>A	13:g.32370477C>A	C	A	Confirmed somatic variant
BRCA2	COSG68498	ENST00000544455.5	COSS2662748	MBC_45	COSO283917426	COSV66461317	COSM6567874	164996227	c.1960G>T	p.E654*	stop_gained	None	None	38	13	32336315	32336315	+	28027327	None	ENSP00000439902.1:p.Glu654Ter	ENST00000544455.5:c.1960G>T	13:g.32336315G>T	G	T	Confirmed somatic variant
BRCA2	COSG68498	ENST00000380152.7	COSS2662739	MBC_37	COSO283911696	COSV66461306	COSM6566239	123713491	c.4126G>C	p.G1376R	missense_variant	None	None	38	13	32338481	32338481	+	28027327	None	ENSP00000369497.3:p.Gly1376Arg	ENST00000380152.7:c.4126G>C	13:g.32338481G>C	G	C	Confirmed somatic variant
BRCA2	COSG68498	ENST00000544455.5	COSS2662739	MBC_37	COSO283911696	COSV66461306	COSM6566239	164988690	c.4126G>C	p.G1376R	missense_variant	None	None	38	13	32338481	32338481	+	28027327	None	ENSP00000439902.1:p.Gly1376Arg	ENST00000544455.5:c.4126G>C	13:g.32338481G>C	G	C	Confirmed somatic variant
BRCA2	COSG68498	ENST00000380152.7	COSS2662743	MBC_40	COSO283917426	COSV66465707	COSM6566667	123711597	c.564_567dup	p.P190Gfs*3	frameshift_variant	None	None	38	13	32326549	32326550	+	28027327	None	ENSP00000369497.3:p.Pro190GlyfsTer3	ENST00000380152.7:c.564_567dup	13:g.32326546_32326549dup	None	GGAT	Confirmed somatic variant
BRCA2	COSG68498	ENST00000544455.5	COSS2662743	MBC_40	COSO283917426	COSV66465707	COSM6566667	164986295	c.564_567dup	p.P190Gfs*3	frameshift_variant	None	None	38	13	32326549	32326550	+	28027327	None	ENSP00000439902.1:p.Pro190GlyfsTer3	ENST00000544455.5:c.564_567dup	13:g.32326546_32326549dup	None	GGAT	Confirmed somatic variant
BRCA2	COSG68498	ENST00000380152.7	COSS2662748	MBC_45	COSO283917426	COSV66461317	COSM6567874	123720442	c.1960G>T	p.E654*	stop_gained	None	None	38	13	32336315	32336315	+	28027327	None	ENSP00000369497.3:p.Glu654Ter	ENST00000380152.7:c.1960G>T	13:g.32336315G>T	G	T	Confirmed somatic variant
BRCA2	COSG68498	ENST00000380152.7	COSS2662754	MBC_50	COSO283917426	COSV66462999	COSM6568780	123714820	c.1909+3A>T	p.?	intron_variant,splice_region_variant	None	None	38	13	32333390	32333390	+	28027327	None	None	ENST00000380152.7:c.1909+3A>T	13:g.32333390A>T	A	T	Confirmed somatic variant
BRCA2	COSG68498	ENST00000544455.5	COSS2662754	MBC_50	COSO283917426	COSV66462999	COSM6568780	164989981	c.1909+3A>T	p.?	intron_variant,splice_region_variant	None	None	38	13	32333390	32333390	+	28027327	None	None	ENST00000544455.5:c.1909+3A>T	13:g.32333390A>T	A	T	Confirmed somatic variant
BRCA2	COSG68498	ENST00000380152.7	COSS2662759	MBC_55	COSO283911696	COSV66457349	COSM6569453	123737195	c.2938G>C	p.D980H	missense_variant	None	None	38	13	32337293	32337293	+	28027327	None	ENSP00000369497.3:p.Asp980His	ENST00000380152.7:c.2938G>C	13:g.32337293G>C	G	C	Confirmed somatic variant
BRCA2	COSG68498	ENST00000544455.5	COSS2662759	MBC_55	COSO283911696	COSV66457349	COSM6569453	165013917	c.2938G>C	p.D980H	missense_variant	None	None	38	13	32337293	32337293	+	28027327	None	ENSP00000439902.1:p.Asp980His	ENST00000544455.5:c.2938G>C	13:g.32337293G>C	G	C	Confirmed somatic variant
BRCA2	COSG68498	ENST00000380152.7	COSS2662800	MBC_92	COSO283917426	COSV66454936	COSM6574944	123717687	c.4561C>G	p.L1521V	missense_variant	None	None	38	13	32338916	32338916	+	28027327	None	ENSP00000369497.3:p.Leu1521Val	ENST00000380152.7:c.4561C>G	13:g.32338916C>G	C	G	Confirmed somatic variant
BRCA2	COSG68498	ENST00000544455.5	COSS2662800	MBC_92	COSO283917426	COSV66454936	COSM6574944	164993709	c.4561C>G	p.L1521V	missense_variant	None	None	38	13	32338916	32338916	+	28027327	None	ENSP00000439902.1:p.Leu1521Val	ENST00000544455.5:c.4561C>G	13:g.32338916C>G	C	G	Confirmed somatic variant
BRCA2	COSG68498	ENST00000380152.7	COSS2673929	4864	COSO28395278	COSV66462513	COSM6848524	123727461	c.8538_8539insT	p.E2847*	frameshift_variant	None	None	38	13	32371006	32371007	+	25961742	None	ENSP00000369497.3:p.Glu2847Ter	ENST00000380152.7:c.8538_8539insT	13:g.32371006_32371007insT	None	T	Confirmed somatic variant
BRCA2	COSG68498	ENST00000544455.5	COSS2673929	4864	COSO28395278	COSV66462513	COSM6848524	165002590	c.8538_8539insT	p.E2847*	frameshift_variant	None	None	38	13	32371006	32371007	+	25961742	None	ENSP00000439902.1:p.Glu2847Ter	ENST00000544455.5:c.8538_8539insT	13:g.32371006_32371007insT	None	T	Confirmed somatic variant
BRCA2	COSG68498	ENST00000380152.7	COSS2765828	BR-V-023	COSO283912929	COSV109438938	COSM10870182	123730131	c.730G>A	p.D244N	missense_variant	None	None	38	13	32330967	32330967	+	22722202	None	ENSP00000369497.3:p.Asp244Asn	ENST00000380152.7:c.730G>A	13:g.32330967G>A	G	A	Confirmed somatic variant
BRCA2	COSG68498	ENST00000544455.5	COSS2765828	BR-V-023	COSO283912929	COSV109438938	COSM10870182	165005939	c.730G>A	p.D244N	missense_variant	None	None	38	13	32330967	32330967	+	22722202	None	ENSP00000439902.1:p.Asp244Asn	ENST00000544455.5:c.730G>A	13:g.32330967G>A	G	A	Confirmed somatic variant
BRCA2	COSG68498	ENST00000380152.7	COSS2765839	BR-V-037	COSO283912930	COSV109438922	COSM10870184	123702238	c.956del	p.N319Ifs*5	frameshift_variant	None	None	38	13	32332434	32332434	+	22722202	None	ENSP00000369497.3:p.Asn319IlefsTer5	ENST00000380152.7:c.956del	13:g.32332434del	A	None	Confirmed somatic variant
BRCA2	COSG68498	ENST00000544455.5	COSS2765839	BR-V-037	COSO283912930	COSV109438922	COSM10870184	164974415	c.956del	p.N319Ifs*5	frameshift_variant	None	None	38	13	32332434	32332434	+	22722202	None	ENSP00000439902.1:p.Asn319IlefsTer5	ENST00000544455.5:c.956del	13:g.32332434del	A	None	Confirmed somatic variant
BRCA2	COSG68498	ENST00000544455.5	COSS749713	HCC1599	COSO28395278	COSV66464175	COSM13844	165011215	c.4550_4559del	p.K1517Ifs*23	frameshift_variant	het	None	38	13	32338905	32338914	+	None	COSU678	ENSP00000439902.1:p.Lys1517IlefsTer23	ENST00000544455.5:c.4550_4559del	13:g.32338905_32338914del	AAGAACCTAC	None	Confirmed somatic variant
BRCA2	COSG68498	ENST00000380152.7	COSS2974352	2974352	COSO28395288	COSV108918519	COSM10842802	123717584	c.7090G>T	p.E2364*	stop_gained	None	None	38	13	32354943	32354943	+	34690920	None	ENSP00000369497.3:p.Glu2364Ter	ENST00000380152.7:c.7090G>T	13:g.32354943G>T	G	T	Variant of unknown origin
BRCA2	COSG68498	ENST00000544455.5	COSS2974352	2974352	COSO28395288	COSV108918519	COSM10842802	164993589	c.7090G>T	p.E2364*	stop_gained	None	None	38	13	32354943	32354943	+	34690920	None	ENSP00000439902.1:p.Glu2364Ter	ENST00000544455.5:c.7090G>T	13:g.32354943G>T	G	T	Variant of unknown origin
BRCA2	COSG68498	ENST00000380152.7	COSS749712	HCC1395	COSO28395278	COSV66463787	COSM2071410	123701196	c.4777G>T	p.E1593*	stop_gained	het	None	38	13	32339132	32339132	+	None	COSU678	ENSP00000369497.3:p.Glu1593Ter	ENST00000380152.7:c.4777G>T	13:g.32339132G>T	G	T	Confirmed somatic variant
BRCA2	COSG68498	ENST00000544455.5	COSS749712	HCC1395	COSO28395278	COSV66463787	COSM2071410	164972958	c.4777G>T	p.E1593*	stop_gained	het	None	38	13	32339132	32339132	+	None	COSU678	ENSP00000439902.1:p.Glu1593Ter	ENST00000544455.5:c.4777G>T	13:g.32339132G>T	G	T	Confirmed somatic variant
BRCA2	COSG68498	ENST00000380152.7	COSS749713	HCC1599	COSO28395278	COSV66464175	COSM13844	123734807	c.4550_4559del	p.K1517Ifs*23	frameshift_variant	het	None	38	13	32338905	32338914	+	None	COSU678	ENSP00000369497.3:p.Lys1517IlefsTer23	ENST00000380152.7:c.4550_4559del	13:g.32338905_32338914del	AAGAACCTAC	None	Confirmed somatic variant
